{
    "authors": {
        "name": "od_1969 .",
        "url": "https://os.mbed.com/users/od_1969/"
    },
    "build": {
        "builder": "MbedLibBuilder"
    },
    "description": "Direct conect sample",
    "examples": [
        "https://os.mbed.com/users/od_1969/code/Nucleo_DHT11_Direct/",
        "https://os.mbed.com/users/OsvaldoTNeto/code/Projeto/"
    ],
    "frameworks": "mbed",
    "keywords": [],
    "name": "DTH",
    "platforms": "*",
    "repository": {
        "type": "hg",
        "url": "https://os.mbed.com/users/od_1969/code/DTH/"
    },
    "version": "0.0.0+sha.8ee3414dedde"
}